<?xml version="1.0" encoding="UTF-8"?>
<beans xmlns="http://www.springframework.org/schema/beans"
   xmlns:xsi="http://www.w3.org/2001/XMLSchema-instance"
   xmlns:p="http://www.springframework.org/schema/p"
   xmlns:context="http://www.springframework.org/schema/context"
   xmlns:mvc="http://www.springframework.org/schema/mvc"
   xsi:schemaLocation="http://www.springframework.org/schema/beans
     http://www.springframework.org/schema/beans/spring-beans-4.1.xsd  
     http://www.springframework.org/schema/context
     http://www.springframework.org/schema/context/spring-context-4.1.xsd  
     http://www.springframework.org/schema/mvc
     http://www.springframework.org/schema/mvc/spring-mvc-4.1.xsd">
 
   <mvc:annotation-driven/> 
  <context:component-scan base-package="controller" />
  
   <mvc:default-servlet-handler/>
<mvc:resources mapping="/resources/**"  location="/resources/"/>

  
  <bean
      class="org.springframework.web.servlet.view.InternalResourceViewResolver">
      
      <property name="prefix">
          <value>/WEB-INF/views/</value>
      </property>
      
      <property name="suffix">
          <value>.jsp</value>
      </property>        
      
  </bean>
  
</beans>